Workbook

Sheet 00 Overview
A1: Bus Charging Scheduler — Build Plan & Task Tracker
A2: Tick the ✓ Done column on any task sheet. Progress Dashboard updates automatically. Deadline: June 2.
A4: How to use the check-off system
A5: 1. Mark a task done | B5: On '01 Master Backlog' (and the AI Prompts / Architecture / Deployment sheets), click the ✓ Done cell and pick ✓ from the dropdown. The whole row turns green and strikes through.
A6: 2. Track status | B6: Use the Status dropdown (Not Started / In Progress / Blocked / Done) for finer state.
A7: 3. Watch progress | B7: 'Progress Dashboard' shows overall %, per-epic %, and per-priority completion — all live formulas.
A8: 4. Full PDF coverage | B8: Every requirement from the 13-page PDF is captured: 50 tasks + 47 traced requirements. See 'Requirements Trace'.
A9: Tip (Excel 365) | B9: You can also use Insert ▸ Checkbox on the ✓ column if you prefer native checkboxes; the dropdown method works in Excel, Google Sheets and LibreOffice.
A11: Sheets
A12: Sheet | B12: What it contains
A13: Progress Dashboard | B13: Live completion %: overall, per epic, per priority
A14: 01 Master Backlog | B14: 50 tasks — ✓ Done + Status, AI-ready prompts, deps, effort, spec ref
A15: 02 Requirements Trace | B15: All 47 PDF requirements mapped to tasks (full-PDF proof)
A16: 03 Jira Backlog | B16: Epics/Stories with keys, points, sprint, status
A17: 04 Sprint Plan | B17: 4-day plan with exit criteria
A18: 05 AI Prompts | B18: ✓-checkable copy-paste prompts in build order
A19: 06 Architecture Checklist | B19: ✓-checkable design-decision gates
A20: 07 Data Schema Tasks | B20: Field-by-field scenario/model/output schema
A21: 08 Algorithm Breakdown | B21: Step-by-step scheduling algorithm
A22: 09 Deployment Checklist | B22: ✓-checkable deploy + submit steps
A23: 10 Assumptions | B23: Assumptions for ARCHITECTURE.md

Sheet Progress Dashboard
A1: Progress Dashboard
A2: Auto-calculated from the ✓ Done column on '01 Master Backlog'.
A4: OVERALL
A6: Total tasks | B6: =COUNTA('01 Master Backlog'!B2:B51) -> 50
A7: Done | B7: =COUNTIF('01 Master Backlog'!A2:A51,"✓") -> 0
A8: Remaining | B8: =B6-B7 -> 50
A9: Completion % | B9: =IF(B6=0,0,B7/B6) -> 0 | C9: =REPT("█",ROUND(B9*20,0))&REPT("░",20-ROUND(B9*20,0)) -> ░░░░░░░░░░░░░░░░░░░░
A10: Total est. hours | B10: =SUM('01 Master Backlog'!J2:J51) -> 137
A11: Hours done | B11: =SUMIF('01 Master Backlog'!A2:A51,"✓",'01 Master Backlog'!J2:J51) -> 0
A13: BY EPIC
A14: Epic | B14: Done | C14: Total | D14: % Complete | E14: Progress
A15: A. Setup & Scaffolding | B15: =COUNTIFS('01 Master Backlog'!C2:C51,A15,'01 Master Backlog'!A2:A51,"✓") -> 0 | C15: =COUNTIF('01 Master Backlog'!C2:C51,A15) -> 5 | D15: =IF(C15=0,0,B15/C15) -> 0 | E15: =REPT("█",ROUND(D15*10,0))&REPT("░",10-ROUND(D15*10,0)) -> ░░░░░░░░░░
A16: B. Data Model & Schema | B16: =COUNTIFS('01 Master Backlog'!C2:C51,A16,'01 Master Backlog'!A2:A51,"✓") -> 0 | C16: =COUNTIF('01 Master Backlog'!C2:C51,A16) -> 8 | D16: =IF(C16=0,0,B16/C16) -> 0 | E16: =REPT("█",ROUND(D16*10,0))&REPT("░",10-ROUND(D16*10,0)) -> ░░░░░░░░░░
A17: C. Scheduling Engine | B17: =COUNTIFS('01 Master Backlog'!C2:C51,A17,'01 Master Backlog'!A2:A51,"✓") -> 0 | C17: =COUNTIF('01 Master Backlog'!C2:C51,A17) -> 11 | D17: =IF(C17=0,0,B17/C17) -> 0 | E17: =REPT("█",ROUND(D17*10,0))&REPT("░",10-ROUND(D17*10,0)) -> ░░░░░░░░░░
A18: D. Internal API / Contracts | B18: =COUNTIFS('01 Master Backlog'!C2:C51,A18,'01 Master Backlog'!A2:A51,"✓") -> 0 | C18: =COUNTIF('01 Master Backlog'!C2:C51,A18) -> 3 | D18: =IF(C18=0,0,B18/C18) -> 0 | E18: =REPT("█",ROUND(D18*10,0))&REPT("░",10-ROUND(D18*10,0)) -> ░░░░░░░░░░
A19: E. Frontend (Streamlit) | B19: =COUNTIFS('01 Master Backlog'!C2:C51,A19,'01 Master Backlog'!A2:A51,"✓") -> 0 | C19: =COUNTIF('01 Master Backlog'!C2:C51,A19) -> 5 | D19: =IF(C19=0,0,B19/C19) -> 0 | E19: =REPT("█",ROUND(D19*10,0))&REPT("░",10-ROUND(D19*10,0)) -> ░░░░░░░░░░
A20: F. Scenario Data | B20: =COUNTIFS('01 Master Backlog'!C2:C51,A20,'01 Master Backlog'!A2:A51,"✓") -> 0 | C20: =COUNTIF('01 Master Backlog'!C2:C51,A20) -> 2 | D20: =IF(C20=0,0,B20/C20) -> 0 | E20: =REPT("█",ROUND(D20*10,0))&REPT("░",10-ROUND(D20*10,0)) -> ░░░░░░░░░░
A21: G. Testing | B21: =COUNTIFS('01 Master Backlog'!C2:C51,A21,'01 Master Backlog'!A2:A51,"✓") -> 0 | C21: =COUNTIF('01 Master Backlog'!C2:C51,A21) -> 6 | D21: =IF(C21=0,0,B21/C21) -> 0 | E21: =REPT("█",ROUND(D21*10,0))&REPT("░",10-ROUND(D21*10,0)) -> ░░░░░░░░░░
A22: H. Documentation | B22: =COUNTIFS('01 Master Backlog'!C2:C51,A22,'01 Master Backlog'!A2:A51,"✓") -> 0 | C22: =COUNTIF('01 Master Backlog'!C2:C51,A22) -> 6 | D22: =IF(C22=0,0,B22/C22) -> 0 | E22: =REPT("█",ROUND(D22*10,0))&REPT("░",10-ROUND(D22*10,0)) -> ░░░░░░░░░░
A23: I. Deployment | B23: =COUNTIFS('01 Master Backlog'!C2:C51,A23,'01 Master Backlog'!A2:A51,"✓") -> 0 | C23: =COUNTIF('01 Master Backlog'!C2:C51,A23) -> 4 | D23: =IF(C23=0,0,B23/C23) -> 0 | E23: =REPT("█",ROUND(D23*10,0))&REPT("░",10-ROUND(D23*10,0)) -> ░░░░░░░░░░
A25: BY PRIORITY
A26: Priority | B26: Done | C26: Total | D26: % Complete
A27: P0 | B27: =COUNTIFS('01 Master Backlog'!H2:H51,A27,'01 Master Backlog'!A2:A51,"✓") -> 0 | C27: =COUNTIF('01 Master Backlog'!H2:H51,A27) -> 39 | D27: =IF(C27=0,0,B27/C27) -> 0
A28: P1 | B28: =COUNTIFS('01 Master Backlog'!H2:H51,A28,'01 Master Backlog'!A2:A51,"✓") -> 0 | C28: =COUNTIF('01 Master Backlog'!H2:H51,A28) -> 8 | D28: =IF(C28=0,0,B28/C28) -> 0
A29: P2 | B29: =COUNTIFS('01 Master Backlog'!H2:H51,A29,'01 Master Backlog'!A2:A51,"✓") -> 0 | C29: =COUNTIF('01 Master Backlog'!H2:H51,A29) -> 3 | D29: =IF(C29=0,0,B29/C29) -> 0
A32: FULL PDF REVIEW COVERAGE
A33: All 13 PDF pages reviewed. 47 requirements captured and traced (see '02 Requirements Trace'); 50 build tasks defined. Coverage = 47/47.

Sheet 01 Master Backlog
A1: ✓ Done | B1: ID | C1: Epic | D1: Layer | E1: Task | F1: Implementation Prompt (AI-ready) | G1: Acceptance Criteria | H1: Priority | I1: Dependencies | J1: Effort (hrs) | K1: Status | L1: Spec Ref
B2: A1 | C2: A. Setup & Scaffolding | D2: DevOps / Repo | E2: Initialize repo & folder structure | F2: Create a public-ready Python repo named `bus-charging-scheduler`. Lay out this structure: `app.py` (Streamlit entry), `scheduler/` (engine package), `scheduler/rules/` (pluggable rules), `data/scenarios/` (scenario files), `tests/`, `requirements.txt`, `README.md`, `ARCHITECTURE.md`, `.gitignore` (Python). Add empty `__init__.py` to every package. One repo, one process — no separate services. | G2: Repo tree matches the layout; `python -c 'import scheduler'` works; .gitignore excludes __pycache__, .venv, .streamlit/secrets. | H2: P0 | I2: - | J2: 2 | K2: Not Started | L2: Stack & hosting; Deliverable 2
B3: A2 | C3: A. Setup & Scaffolding | D3: DevOps / Repo | E3: Author requirements.txt | F3: Create `requirements.txt` pinned to known-good versions: streamlit, pandas. Add `ortools` ONLY if you choose the CP-SAT optimizer path (keep optional). Keep the list minimal so Streamlit Community Cloud installs cleanly from this file. | G3: `pip install -r requirements.txt` succeeds in a clean venv; Streamlit Cloud build reads it automatically. | H3: P0 | I3: A1 | J3: 1 | K3: Not Started | L3: Stack & hosting (requirements.txt)
B4: A3 | C4: A. Setup & Scaffolding | D4: Backend / Config | E4: Central constants & world config module | F4: Create `scheduler/config.py` holding ONLY physical/world defaults that are not part of a scenario: default SPEED_KMPH=60, CHARGE_MINUTES=25, BATTERY_RANGE_KM=240. Expose as a frozen dataclass `WorldDefaults`. Everything else (route, stations, weights, buses) must come from the scenario file, NOT from here. Document that these are overridable per-scenario. | G4: No magic numbers anywhere else in the codebase; grep for 25/240/60 returns only config.py. | H4: P0 | I4: A1 | J4: 2 | K4: Not Started | L4: Physical constants; tunable/no-hardcode mandate
B5: A4 | C5: A. Setup & Scaffolding | D5: Docs | E5: README skeleton | F5: Create `README.md` with section stubs: Overview, Live link, Run locally, Project layout, How to change a weight, How to add a new rule, Scenarios, Assumptions. Fill prose later (H1). | G5: All required README sections present as headers. | H5: P2 | I5: A1 | J5: 1 | K5: Not Started | L5: Deliverable: README.md
B6: A5 | C6: A. Setup & Scaffolding | D6: Docs | E6: ARCHITECTURE skeleton | F6: Create `ARCHITECTURE.md` with stubs: Framework choice & why, Data structure design, Anticipated future changes (table), Change a weight (code example), Add a rule (code example), Assumptions. Fill later (H2-H6). | G6: All required ARCHITECTURE sections present as headers. | H6: P2 | I6: A1 | J6: 1 | K6: Not Started | L6: Deliverable: ARCHITECTURE.md
B7: B1 | C7: B. Data Model & Schema | D7: Data / Schema | E7: Route & segment model | F7: In `scheduler/model.py` define a `Segment(from_node, to_node, distance_km)` dataclass and a `Route(nodes: list[str], segments: list[Segment])`. Provide `distance_between(node_a, node_b)` and `cumulative_distance(node)`. Route must be data-driven (read from scenario), so changing a segment distance or adding a node is data-only. | G7: Route built from a list of nodes+distances; querying B->C returns 100; adding node 'E' needs no code change. | H7: P0 | I7: A3 | J7: 3 | K7: Not Started | L7: Route table; 'change a segment distance' curveball
B8: B2 | C8: B. Data Model & Schema | D8: Data / Schema | E8: Station model with charger count | F8: Define `Station(id, node, num_chargers=1)`. Store stations as data on the scenario, keyed by node. `num_chargers` MUST be a field (today=1) so 'double the chargers' is a data edit. Only intermediate nodes (A,B,C,D) are stations; endpoints are not. | G8: Station carries num_chargers; setting num_chargers=2 requires no engine code change (see C7). | H8: P0 | I8: B1 | J8: 2 | K8: Not Started | L8: 1 charger per station; 'double the chargers' curveball
B9: B3 | C9: B. Data Model & Schema | D9: Data / Schema | E9: Operator model | F9: Define operators as a simple set/registry derived from buses, plus an optional `Operator(id, attributes={})` for future per-operator config (priority, SLA). Do not hardcode the 3 names; derive from data. | G9: Operators discovered from bus list; adding 'newop' is data-only. | H9: P1 | I9: B4 | J9: 1 | K9: Not Started | L9: 3 operators; 'swap in a new operator' curveball
B10: B4 | C10: B. Data Model & Schema | D10: Data / Schema | E10: Bus model | F10: Define `Bus(id, operator, direction, departure_min, origin, range_km=None, priority=0)`. `direction` is derived from origin/destination via the route, not an enum hardcoded to two values. `range_km` defaults to scenario battery range but is per-bus overridable. `priority` field reserved for future priority-bus rule. | G10: Bus supports per-bus range & priority fields even though scenarios don't use them yet. | H10: P0 | I10: B1 | J10: 3 | K10: Not Started | L10: Buses table; priority buses & variable range (future)
B11: B5 | C11: B. Data Model & Schema | D11: Data / Schema | E11: Scenario file schema (THE data structure) | F11: Design the scenario file as JSON (or YAML). Top-level keys: `name`, `world` (speed, charge_minutes, battery_range), `route` (nodes + segment distances), `stations` (node -> num_chargers), `weights` (individual, operator, overall + open dict for future weights), `buses` (list). This single file fully describes a situation. Write `data/scenarios/scenario_1.json` as the canonical example and document the schema inline in ARCHITECTURE. | G11: A scenario file alone fully specifies the world; reviewer can read it and understand the input. | H11: P0 | I11: B1,B2,B4 | J11: 4 | K11: Not Started | L11: 'A scenario IS your data structure'; design data first
B12: B6 | C12: B. Data Model & Schema | D12: Data / Schema | E12: Weights model (open/extensible) | F12: Represent weights as a dict `{individual:1.0, operator:1.0, overall:1.0, ...}` loaded from the scenario, NOT constants. The cost function reads weights by key, so adding a new weighted term = add a key + a rule, no engine edit. Provide a default-merge so missing keys fall back to 1.0. | G12: Changing operator weight to 2.0 is a one-value edit in the scenario JSON; new weight keys are accepted without code change. | H12: P0 | I12: B5 | J12: 2 | K12: Not Started | L12: Tunable weights, one obvious place, not hardcoded
B13: B7 | C13: B. Data Model & Schema | D13: Data / Schema | E13: Output / result model | F13: Define output dataclasses: `ChargeEvent(station, arrive_min, start_min, wait_min, end_min)`, `BusPlan(bus_id, charge_events:list, arrival_min, total_wait)`, `ScheduleResult(bus_plans:list, station_order:dict[node->list[bus_id]], objective_breakdown:dict)`. This is what the UI renders. | G13: Result object carries everything the per-bus and per-station views need; serializable for debugging. | H13: P0 | I13: B4 | J13: 3 | K13: Not Started | L13: Output: timeline, waits, arrival, station order
... B51: I4 | C51: I. Deployment | D51: PM / Submit | E51: Submit the form | F51: Submit hosted URL + repo URL + approach summary + build notes via the Google Form. Re-submit if anything changes (latest wins). Deadline June 2nd. | G51: Form submitted with both public URLs and a crisp approach summary. | H51: P0 | I51: I2,I1 | J51: 1 | K51: Not Started | L51: Submission form; deadline June 2
I53: DONE / TOTAL: | J53: =COUNTIF(A2:A51,"✓")&" / "&COUNTA(B2:B51) -> 0 / 50
I54: TOTAL HOURS: | J54: =SUM(J2:J51) -> 137

Sheet 02 Requirements Trace
A1: ✓ Done | B1: Req ID | C1: Requirement (from PDF) | D1: Source | E1: Covered by Task(s)
B2: R1 | C2: Python + Streamlit, one repo, one process | D2: p1 | E2: A1,A2,E1
B3: R2 | C3: Host on Streamlit Community Cloud (public) | D3: p1 | E3: I2,I3
B4: R3 | C4: requirements.txt auto-installed | D4: p1 | E4: A2
B5: R4 | C5: Route Bengaluru-A-B-C-D-Kochi, segments 100/120/100/120/100 | D5: p2 | E5: B1,F1
B6: R5 | C6: Bidirectional buses share stations | D6: p1 | E6: B4,C7
B7: R6 | C7: Start full charge, 240 km range | D7: p1 | E7: A3,B4,C2
B8: R7 | C8: Only A,B,C,D scheduled; endpoints not | D8: p1 | E8: B2,C2
B9: R8 | C9: 1 charger per station | D9: p2 | E9: B2,C7
B10: R9 | C10: Charging always to full, exactly 25 min | D10: p2 | E10: A3,C4
B11: R10 | C11: Travel time from distance, consistent speed | D11: p2 | E11: A3,C1
B12: R11 | C12: 20 buses (10 BK + 10 KB) per scenario | D12: p2 | E12: B4,F1
B13: R12 | C13: Each bus has departure time | D13: p2 | E13: B4,F1
... B48: R47 | C48: Live: add a new soft/hard rule | D48: p12 | E48: C3,H5

Sheet 03 Jira Backlog
A1: Issue Type | B1: Key | C1: Summary | D1: Epic Link | E1: Story Points | F1: Priority | G1: Sprint | H1: Labels | I1: Status
A2: Epic | B2: BCS-1 | C2: Project setup & scaffolding | F2: P0 | H2: epic | I2: To Do
A3: Epic | B3: BCS-2 | C3: Domain data model & scenario schema | F3: P0 | H3: epic | I3: To Do
A4: Epic | B4: BCS-3 | C4: Scheduling engine & algorithm | F4: P0 | H4: epic | I4: To Do
A5: Epic | B5: BCS-4 | C5: Internal API / contracts | F5: P0 | H5: epic | I5: To Do
A6: Epic | B6: BCS-5 | C6: Streamlit UI | F6: P0 | H6: epic | I6: To Do
A7: Epic | B7: BCS-6 | C7: Scenario data (5 scenarios) | F7: P0 | H7: epic | I7: To Do
A8: Epic | B8: BCS-7 | C8: Testing & invariants | F8: P0 | H8: epic | I8: To Do
A9: Epic | B9: BCS-8 | C9: Documentation (README + ARCHITECTURE) | F9: P0 | H9: epic | I9: To Do
A10: Epic | B10: BCS-9 | C10: Deployment & submission | F10: P0 | H10: epic | I10: To Do
A11: Story | B11: BCS-101 | C11: [A1] Initialize repo & folder structure | D11: BCS-1 | E11: 2 | F11: P0 | G11: Day 1 | H11: devops | I11: To Do
A12: Story | B12: BCS-102 | C12: [A2] Author requirements.txt | D12: BCS-1 | E12: 1 | F12: P0 | G12: Day 1 | H12: devops | I12: To Do
A13: Story | B13: BCS-103 | C13: [A3] Central constants & world config module | D13: BCS-1 | E13: 2 | F13: P0 | G13: Day 1 | H13: backend | I13: To Do
A14: Story | B14: BCS-104 | C14: [A4] README skeleton | D14: BCS-1 | E14: 1 | F14: P2 | G14: Day 1 | H14: docs | I14: To Do
A15: Story | B15: BCS-105 | C15: [A5] ARCHITECTURE skeleton | D15: BCS-1 | E15: 1 | F15: P2 | G15: Day 1 | H15: docs | I15: To Do
A16: Story | B16: BCS-106 | C16: [B1] Route & segment model | D16: BCS-2 | E16: 3 | F16: P0 | G16: Day 1 | H16: data | I16: To Do
A17: Story | B17: BCS-107 | C17: [B2] Station model with charger count | D17: BCS-2 | E17: 2 | F17: P0 | G17: Day 1 | H17: data | I17: To Do
A18: Story | B18: BCS-108 | C18: [B3] Operator model | D18: BCS-2 | E18: 1 | F18: P1 | G18: Day 1 | H18: data | I18: To Do
A19: Story | B19: BCS-109 | C19: [B4] Bus model | D19: BCS-2 | E19: 3 | F19: P0 | G19: Day 1 | H19: data | I19: To Do
A20: Story | B20: BCS-110 | C20: [B5] Scenario file schema (THE data structure) | D20: BCS-2 | E20: 5 | F20: P0 | G20: Day 1 | H20: data | I20: To Do
A21: Story | B21: BCS-111 | C21: [B6] Weights model (open/extensible) | D21: BCS-2 | E21: 2 | F21: P0 | G21: Day 1 | H21: data | I21: To Do
A22: Story | B22: BCS-112 | C22: [B7] Output / result model | D22: BCS-2 | E22: 3 | F22: P0 | G22: Day 1 | H22: data | I22: To Do
... A60: Story | B60: BCS-150 | C60: [I4] Submit the form | D60: BCS-9 | E60: 1 | F60: P0 | G60: Day 4 | H60: pm | I60: To Do

Sheet 04 Sprint Plan
A1: Day | B1: Focus | C1: Tasks | D1: Deliverable | E1: Exit Criteria
A2: Day 1 | B2: Data model first (the foundation) | C2: A1, A2, A3, B1, B2, B3, B4, B5, B6, B7, B8 | D2: Scenario JSON schema + loader; all model objects; world config | E2: scenario_1.json loads into validated model objects via load_scenario()
A3: Day 2 | B3: Engine + algorithm + rules | C3: C1, C2, C3, C4, C5, C6, C7, C8, C9, C10, C11, D1 | D3: Working headless scheduler producing valid ScheduleResult | E3: `python -m scheduler.engine scenario_1.json` returns a valid, validated schedule
A4: Day 3 | B4: UI + all scenarios + adapters | C4: D2, D3, E1, E2, E3, E4, E5, F1, F2 | D4: Full Streamlit app; all 5 scenarios encoded & sensible | E4: App runs locally; dropdown cycles 5 scenarios with 3 views each
A5: Day 4 | B5: Tests, docs, deploy, submit | C5: G1-G6, H1-H6, I1, I2, I3, I4 | D5: Green tests; README + ARCHITECTURE; hosted link; form submitted | E5: Public Streamlit URL + public repo submitted before June 2

Sheet 05 AI Prompts
A1: ✓ Done | B1: # | C1: Target File | D1: Component | E1: Copy-Paste Prompt for Claude / Cursor / Windsurf
B2: 1 | C2: scheduler/config.py | D2: World config | E2: Create scheduler/config.py. Define a frozen dataclass WorldDefaults with fields speed_kmph:float=60, charge_minutes:int=25, battery_range_km:int=240. These are ONLY fallback defaults; every value can be overridden per-scenario. Do not put route, stations, operators, or weights here. Export a module-level DEFAULTS = WorldDefaults(). No other magic numbers may exist anywhere else in the project.
B3: 2 | C3: scheduler/model.py | D3: Domain model | E3: Create scheduler/model.py with dataclasses: Segment(from_node:str,to_node:str,distance_km:float); Route(nodes:list[str], segments:list[Segment]) with methods distance_between(a,b) and cumulative_distance(node) and downstream_stations(origin, station_nodes) honoring route order for either direction (no backtracking); Station(node:str, num_chargers:int=1); Bus(id:str, operator:str, origin:str, destination:str, departure_min:int, range_km:float|None=None, priority:int=0) with a derived direction property; Weights as a dict-backed class merging defaults (individual/operator/overall=1.0) with an open dict so unknown keys are allowed; Scenario(name, world:WorldDefaults, route:Route, stations:dict[str,Station], weights, buses:list[Bus]). Keep it pure-Python, no Streamlit import.
B4: 3 | C4: scheduler/loader.py | D4: Scenario loader | E4: Create scheduler/loader.py. load_scenario(path)->Scenario reads JSON of shape {name, world:{speed_kmph,charge_minutes,battery_range_km}, route:{nodes:[...], segments:[{from,to,distance_km}...]}, stations:{NODE:{num_chargers}}, weights:{individual,operator,overall, ...}, buses:[{id,operator,origin,destination,departure_min,range_km?,priority?}]}. Merge world with config.DEFAULTS for missing keys; default per-bus range_km to battery_range_km. Validate: positive distances, connected route, station nodes are intermediate route nodes, non-empty operators, departure_min>=0. Raise ValueError with a clear message on any failure. Also list_scenarios(dir)->list[(name,path)] for the dropdown.
B5: 4 | C5: scheduler/physics.py | D5: Physics helpers | E5: Create scheduler/physics.py with pure functions: travel_minutes(distance_km, speed_kmph)->float; node_sequence(bus, route)->list[str] the ordered nodes the bus passes (respecting direction, no backtracking); base_arrival_minutes(bus, route, speed)->dict[node->float] the clock-minute the bus would reach each node with zero charging/waiting. Add the charge_minutes offset logic later in the engine, keep these wait-free. Fully unit-testable, no side effects.
B6: 5 | C6: scheduler/plans.py | D6: Feasible plan generator | E6: Create scheduler/plans.py: candidate_plans(bus, route, station_nodes, range_km)->list[list[str]]. Enumerate ordered subsets of the bus's downstream station nodes (route order, no backtracking) such that every leg — origin->first charge, charge->next charge, last charge->destination — is <= range_km. Return every feasible plan (the engine will choose among them). If none feasible, return [] (caller handles).
B7: 6 | C7: scheduler/rules/base.py | D7: Rule framework | E7: Create scheduler/rules/base.py. Define abstract Rule with attributes name:str and kind:Literal['hard','soft'] and method evaluate(ctx)->float where ctx is a ScheduleContext exposing the candidate schedule, scenario, and weights. Hard rules return 0.0 if satisfied else math.inf. Soft rules return a non-negative penalty already multiplied by their weight = ctx.weights[self.weight_key]. Define a RuleRegistry that collects Rule instances; add register() decorator and discover() that imports all modules in scheduler/rules/ so dropping a new rule file auto-registers it. The engine must never reference concrete rule classes by name.
B8: 7 | C8: scheduler/rules/hard_rules.py | D8: Hard rules | E8: Create scheduler/rules/hard_rules.py with Rule subclasses (kind='hard'), each @register: RangeRule (no leg in any bus plan exceeds bus.range_km); ChargerExclusivityRule (at every station, count of buses whose [start,end] charge intervals overlap never exceeds station.num_chargers); ChargeDurationRule (every charge interval length == world.charge_minutes); RouteOrderRule (each bus's charge stations appear in route order, no repeats/backtrack). Return math.inf on violation else 0.0. No engine edits required to add these.
B9: 8 | C9: scheduler/rules/soft_rules.py | D9: Soft rules | E9: Create scheduler/rules/soft_rules.py with Rule subclasses (kind='soft'), each @register and each with a weight_key: IndividualWaitRule(weight_key='individual') -> sum (or max) of per-bus total wait/lateness; OperatorRule(weight_key='operator') -> sum over operators of intra-fleet wait variance or total fleet wait (define and document the metric); OverallRule(weight_key='overall') -> network makespan or total travel+wait time. Each returns penalty * ctx.weights[weight_key]. Keep metrics simple, monotonic, and documented in a docstring.
B10: 9 | C10: scheduler/objective.py | D10: Objective aggregator | E10: Create scheduler/objective.py: score(schedule, scenario, registry)->(feasible:bool, total:float, breakdown:dict). Evaluate all hard rules; if any returns inf -> feasible False. Sum soft-rule penalties into total and record each rule's contribution in breakdown for transparency. Return the tuple.
B11: 10 | C11: scheduler/resources.py | D11: Charger arbitration | E11: Create scheduler/resources.py: a ChargerPool(num_chargers, charge_minutes) maintaining busy intervals per charger. reserve(requested_start)->(actual_start, charger_index, wait) assigns the earliest charger free at or after requested_start; if all busy, queue behind the earliest-finishing one. Must generalize over num_chargers so 1 vs N differs only by the constructor arg. Provide a per-station pool keyed by node.
B12: 11 | C12: scheduler/engine.py | D12: Core scheduler | E12: Create scheduler/engine.py: schedule(scenario)->ScheduleResult using a deterministic event-driven greedy strategy behind a Strategy interface (class GreedyStrategy; allow future CpSatStrategy). Process buses in order of (priority desc, departure asc, id). For each bus, evaluate its candidate_plans; for each plan simulate charger reservations via ChargerPool and compute the incremental weighted objective using the rule registry; commit the plan+reservations with the lowest feasible cost. Build BusPlan timelines and station_order. Return ScheduleResult(bus_plans, station_order, objective_breakdown). Keep deterministic. Expose a __main__ that loads a scenario path argv and prints the result. No Streamlit import.
B13: 12 | C13: scheduler/validate.py | D13: Invariant checker | E13: Create scheduler/validate.py: validate(result, scenario)->list[Violation]. Re-run all hard rules over the FINAL committed schedule and collect any violations as Violation(rule, bus_id_or_station, detail). Used both in tests and at app startup as a defensive guard. Must return [] for a correct schedule.
... B19: 18 | C19: ARCHITECTURE.md | D19: ARCHITECTURE | E19: Write ARCHITECTURE.md covering: (1) Framework choice — event-driven greedy + pluggable weighted rule registry, Strategy-swappable to CP-SAT — and why it fits (small instances, easy rule addition, trivial weight tuning, deterministic explainable output, no heavy solver dep) with trade-offs vs ILP/CP-SAT. (2) Data structure design — annotated scenario JSON schema and the model+result objects. (3) Anticipated future changes table (add station, change segment distance, multi/variable chargers, swap/add operator, +buses, new/multiple routes sharing stations, priority buses, time-of-day electricity cost, driver shifts, partial/variable charge time, variable speed/traffic, per-bus range, new soft/hard rule, new weighted term, large fleets) each mapped to the exact field/file that changes with NO engine rewrite. (4) Change a weight — concrete code/JSON diff. (5) Add a rule — full ~10-line example. (6) Assumptions log. Be honest about what is and isn't done.

Sheet 06 Architecture Checklist
A1: ✓ Done | B1: Design Item | C1: Why it matters
B2: Engine has ZERO Streamlit imports | C2: Engine reusable headless / future REST / tests
B3: All physical constants live only in config.py | C3: No-hardcode mandate; one obvious place
B4: Weights read by key from scenario, never constants | C4: Weight tunability is the graded criterion
B5: Route is data-driven (nodes + segment distances) | C5: 'change a segment distance' must be data-only
B6: Station carries num_chargers field (today=1) | C6: 'double the chargers' must be data-only
B7: Direction derived from origin/destination, not a 2-value enum | C7: Multiple routes / new endpoints later
B8: Operators derived from data, not hardcoded list | C8: 'swap in a new operator' data-only
B9: Bus has priority & per-bus range_km fields (unused today) | C9: priority buses & variable range anticipated
B10: Rules are auto-discovered from rules/ directory | C10: Add a rule without engine edit (graded live)
B11: Hard vs soft rule distinction is explicit (kind field) | C11: Clean extensibility; feasibility vs penalty
B12: Objective returns a per-term breakdown | C12: Explainability + defend schedules in interview
B13: Search strategy behind a Strategy interface | C13: Swap greedy -> CP-SAT without touching rules/data
... B19: st.cache_data on load+schedule | C19: Smooth UX, scales to bigger inputs

Sheet 07 Data Schema Tasks
A1: Entity | B1: Field | C1: Type | D1: Required | E1: Notes / Foresight
A2: Scenario | B2: name | C2: string | D2: yes | E2: Human label shown in dropdown
A3: Scenario | B3: world | C3: object | D3: yes | E3: Overrides config defaults per-scenario
A4: Scenario | B4: route | C4: object | D4: yes | E4: nodes + segments; fully data-driven
A5: Scenario | B5: stations | C5: object | D5: yes | E5: map node -> {num_chargers}
A6: Scenario | B6: weights | C6: object | D6: yes | E6: individual/operator/overall + open keys
A7: Scenario | B7: buses | C7: array | D7: yes | E7: list of Bus objects
A8: world | B8: speed_kmph | C8: number | D8: no (default 60) | E8: Consistent sim speed
A9: world | B9: charge_minutes | C9: number | D9: no (default 25) | E9: Fixed full-charge time
A10: world | B10: battery_range_km | C10: number | D10: no (default 240) | E10: Default per-bus range
A11: route | B11: nodes | C11: array<string> | D11: yes | E11: Ordered incl. endpoints, e.g. [Bengaluru,A,B,C,D,Kochi]
A12: route | B12: segments | C12: array<obj> | D12: yes | E12: {from,to,distance_km}; sums to 540 today
... A30: ScheduleResult (output) | B30: bus_plans/station_order/objective_breakdown | C30: mixed | D30: yes | E30: Drives both UI views + transparency

Sheet 08 Algorithm Breakdown
A1: Step | B1: Description | C1: Inputs | D1: Outputs | E1: Complexity Note
A2: 1. Parse & validate | B2: Load scenario JSON into model objects; merge world defaults; validate route/range/stations | C2: scenario file | D2: validated Scenario | E2: O(buses+segments)
A3: 2. Compute base arrivals | B3: For each bus, wait-free arrival minute at every node it passes (direction-aware) | C3: Scenario, speed | D3: dict bus->node->minute | E3: O(buses*nodes)
A4: 3. Enumerate feasible plans | B4: Per bus, all ordered station subsets with every leg <= range_km, route order only | C4: route, range, stations | D4: candidate plans per bus | E4: O(buses*2^stations) — fine for small station counts; prune by range
A5: 4. Order buses | B5: Sort by (priority desc, departure asc, id) for deterministic greedy commitment | C5: buses | D5: processing order | E5: O(buses log buses)
A6: 5. Greedy commit | B6: For each bus, for each candidate plan, simulate charger reservations & compute incremental weighted objective; commit cheapest feasible plan | C6: plans, ChargerPool, rules, weights | D6: committed reservations | E6: O(buses*plans*stations)
A7: 6. Charger reservation | B7: Earliest free charger >= requested arrival; else queue behind earliest finisher; compute wait; generalizes to num_chargers | C7: ChargerPool state | D7: actual_start, wait, charger idx | E7: O(num_chargers) per reserve
A8: 7. Build timelines | B8: Assemble BusPlan per bus: arrive/start/wait/end per stop + final arrival | C8: committed reservations | D8: bus_plans | E8: O(buses*stations)
A9: 8. Build station order | B9: Per node, sort charging buses by actual start (+charger idx) | C9: reservations | D9: station_order | E9: O(charges log charges)
A10: 9. Validate invariants | B10: Re-run all hard rules on final schedule; assert none violated | C10: ScheduleResult | D10: [] or violations | E10: O(buses*stations)
A11: 10. Adapt for UI | B11: Convert result to DataFrames with HH:MM formatting | C11: ScheduleResult | D11: DataFrames | E11: O(rows)
A12: (swap path) | B12: Replace GreedyStrategy with CpSatStrategy implementing same interface for true optimization at larger scale | C12: same scenario | D12: optimal-ish ScheduleResult | E12: solver-dependent — rules & data unchanged

Sheet 09 Deployment Checklist
A1: ✓ Done | B1: Step | C1: Action
B2: 1 | C2: Create PUBLIC GitHub repo and push all code
B3: 2 | C3: Confirm data/scenarios has all 5 JSON files
B4: 3 | C4: Confirm README.md and ARCHITECTURE.md committed
B5: 4 | C5: Confirm requirements.txt lists streamlit + pandas (+ortools if used)
B6: 5 | C6: Verify no secrets / .streamlit/secrets committed
B7: 6 | C7: Sign in to share.streamlit.io with GitHub
B8: 7 | C8: New app -> select repo, branch main, main file app.py
B9: 8 | C9: Deploy; watch build log install requirements.txt
B10: 9 | C10: Open hosted URL; confirm dropdown shows on load
B11: 10 | C11: Cycle all 5 scenarios; check 3 views each render
B12: 11 | C12: Test in incognito (anonymous public access works)
B13: 12 | C13: Run pytest locally; all green
... B16: 15 | C16: Re-submit form if anything changes (latest wins) before June 2

Sheet 10 Assumptions
A1: Topic | B1: Assumption | C1: Justification
A2: Speed | B2: Constant 60 km/h all buses, all segments — no traffic/variation | C2: Spec example; tunable in world config
A3: Charging | B3: Always to full, exactly 25 min, no partial charging | C3: Spec hard rule
A4: Endpoints | B4: Buses leave full and do not charge at Bengaluru/Kochi | C4: Spec: endpoints not scheduled
A5: Departure encoding | B5: departure_min = minutes from midnight (19:00=1140) | C5: Clean integer math; HH:MM only in UI
A6: Tie-breaking | B6: priority desc -> departure asc -> bus id | C6: Deterministic, reproducible demos
A7: Plan choice | B7: Bus may use MORE than the minimum charges if cheaper overall | C7: Spec allows '2 or more'
A8: Individual metric | B8: Per-bus total wait (sum of charger waits) | C8: Definition documented; tunable
A9: Operator metric | B9: Total/variance of wait within each operator fleet | C9: Definition documented; tunable
A10: Overall metric | B10: Network makespan or total time across all buses | C10: Definition documented; tunable
A11: Infeasibility | B11: If a bus has no feasible plan, surface a clear error | C11: Shouldn't occur with given data
A12: Re-planning | B12: Decided once up front; no mid-trip re-optimization | C12: Static schedule per spec
A13: State | B13: In-memory only; no DB/auth | C13: Spec: in-memory fine
